Dataset,R2,Adjusted R2,MAE,RMSE
Train,0.8302597810347409,0.829968589808496,175.1204899729987,265.6671215821837
Test,0.795127641962905,0.7937139166630516,187.36065949812607,292.1631345440619
